MONTH_PRODUCED,PRODUCTLINE,factory_id,TOTAL_UNITS_PRODUCED,REGRESSION_CPU,REG_FACTORY_BASE_COST,REG_PROD_COST_NO_BASE,AVG_PRODUCTION_COST_W_BASE,MIN_PRICE_SOLD,AVG_PRICE_SOLD,MAX_PRICE_SOLD,AVG_SHIPPED_PER_ORDER,TOTAL_SHIPPED,TOTAL_SALES,MIN_REVENUE,AVG_REVENUE,MAX_REVENUE,MIN_PROFIT,AVG_PROFIT,MAX_PROFIT,ACTUAL_PROFIT
2003-01,Classic Cars,0,11,95.02974924483767,322.7983356682351,1045.3272416932143,1368.1255773614494,39.6,89.509,100,33.4,334,41191.78,13226.4,29896.006,33400,11858.274422638551,28527.88042263855,32031.87442263855,39823.65442263855
2003-01,Motorcycles,1,57,74.87693371266798,260.63179183008515,4267.985221622074,4528.61701345216,NA,NA,NA,NA,NA,NA,NA,NA,NA,NA,NA,NA,NA
2003-01,Planes,2,25,79.51815124604371,638.5381286065302,1987.953781151093,2626.491909757623,NA,NA,NA,NA,NA,NA,NA,NA,NA,NA,NA,NA,NA
2003-01,Ships,0,123,17.11099873556598,322.7983356682351,2104.6528444746154,2427.4511801428507,NA,NA,NA,NA,NA,NA,NA,NA,NA,NA,NA,NA,NA
2003-01,Trucks and Buses,1,12,91.11000797366236,260.63179183008515,1093.3200956839482,1353.9518875140334,47.62,88.8490909090909,100,33.63636363636363,370,36801.43,17619.399999999998,32874.163636363635,37000,16265.448112485965,31520.2117488496,35646.048112485965,35447.478112485966
2003-01,Vintage Cars,2,45,66.87007024683534,638.5381286065302,3009.15316110759,3647.6912897141206,31.2,75.73125,100,35.75,572,46826.84,17846.399999999998,43318.275,57200,14198.708710285877,39670.58371028588,53552.30871028588,43179.148710285874
2003-02,Classic Cars,0,10,95.02974924483767,322.7983356682351,950.2974924483767,1273.0958281166118,100,100,100,40,120,20464.41,12000,12000,12000,10726.904171883389,10726.904171883389,10726.904171883389,19191.314171883387
2003-02,Motorcycles,1,15,74.87693371266798,260.63179183008515,1123.1540056900196,1383.7857975201048,70.87,92.80125,100,28.625,229,25783.76,16229.230000000001,21251.486249999998,22900,14845.444202479897,19867.700452479894,21516.214202479896,24399.974202479894
2003-02,Planes,2,62,79.51815124604371,638.5381286065302,4930.125377254711,5568.663505861241,52.64,80.8975,100,38.333333333333336,460,39205.31,24214.4,37212.85,46000,18645.73649413876,31644.186494138758,40431.336494138755,33636.64649413875
2003-02,Ships,0,53,17.11099873556598,322.7983356682351,906.8829329849968,1229.6812686532319,56.78,80.88333333333334,100,33.44444444444444,301,27050.38,17090.78,24345.883333333335,30100,15861.098731346767,23116.202064680103,28870.318731346768,25820.69873134677
2003-02,Trucks and Buses,1,60,91.11000797366236,260.63179183008515,5466.600478419742,5727.232270249828,NA,NA,NA,NA,NA,NA,NA,NA,NA,NA,NA,NA,NA
2003-02,Vintage Cars,2,42,66.87007024683534,638.5381286065302,2808.5429503670844,3447.0810789736147,40.15,75.0525,100,37.625,301,24002.23,12085.15,22590.802499999998,30100,8638.068921026384,19143.721421026385,26652.918921026387,20555.148921026386
2003-03,Classic Cars,0,29,95.02974924483767,322.7983356682351,2755.8627281002928,3078.661063768528,32.1,86.98769230769231,100,35.73076923076923,929,105026.68,29820.9,80811.56615384616,92900,26742.23893623147,77732.90509007763,89821.33893623148,101948.01893623147
2003-03,Motorcycles,1,55,74.87693371266798,260.63179183008515,4118.231354196739,4378.863146026824,43.45,70.616,100,34,170,12639.15,7386.500000000001,12004.72,17000,3007.6368539731766,7625.856853973175,12621.136853973176,8260.286853973175
2003-03,Planes,2,40,79.51815124604371,638.5381286065302,3180.7260498417486,3819.264178448279,NA,NA,NA,NA,NA,NA,NA,NA,NA,NA,NA,NA,NA
2003-03,Ships,0,103,17.11099873556598,322.7983356682351,1762.4328697632957,2085.2312054315307,NA,NA,NA,NA,NA,NA,NA,NA,NA,NA,NA,NA,NA
2003-03,Trucks and Buses,1,20,91.11000797366236,260.63179183008515,1822.2001594732474,2082.8319513033325,68.52,89.50666666666666,100,31,93,9908.06,6372.36,8324.119999999999,9300,4289.528048696668,6241.288048696666,7217.168048696667,7825.2280486966665
2003-03,Vintage Cars,2,74,66.87007024683534,638.5381286065302,4948.385198265815,5586.923326872346,34.47,75.211875,100,35.1875,563,46931.01,19406.61,42344.285625000004,56300,13819.686673127655,36757.36229812766,50713.07667312765,41344.086673127655
2003-04,Classic Cars,0,27,95.02974924483767,322.7983356682351,2565.803229610617,2888.6015652788524,30.06,91.61833333333334,100,38.75,465,59873.6,13977.9,42602.525,46500,11089.298434721148,39713.923434721146,43611.398434721144,56984.99843472114
2003-04,Motorcycles,1,23,74.87693371266798,260.63179183008515,1722.1694753913634,1982.8012672214486,58.15,89.38833333333334,100,35.333333333333336,212,23475.59,12327.8,18950.326666666668,21200,10344.998732778551,16967.525399445218,19217.19873277855,21492.78873277855
2003-04,Planes,2,38,79.51815124604371,638.5381286065302,3021.689747349661,3660.2278759561914,48.17,79.39916666666667,100,33.416666666666664,401,36563.34,19316.170000000002,31839.065833333338,40100,15655.94212404381,28178.837957377145,36439.77212404381,32903.11212404381
2003-04,Ships,0,99,17.11099873556598,322.7983356682351,1693.988874821032,2016.787210489267,43.68,81.42444444444445,100,35.888888888888886,323,27399.45,14108.64,26300.095555555556,32300,12091.852789510733,24283.30834506629,30283.212789510733,25382.662789510734
2003-04,Trucks and Buses,1,32,91.11000797366236,260.63179183008515,2915.5202551571956,3176.1520469872808,55.73,90.55,100,34.875,279,28790.76,15548.669999999998,25263.45,27900,12372.517953012717,22087.29795301272,24723.84795301272,25614.607953012717
2003-04,Vintage Cars,2,87,66.87007024683534,638.5381286065302,5817.696111474675,6456.234240081205,50.62,83.87,100,30.5,244,20750.34,12351.279999999999,20464.280000000002,24400,5895.045759918794,14008.045759918798,17943.765759918795,14294.105759918795
2003-05,Classic Cars,0,25,95.02974924483767,322.7983356682351,2375.743731120942,2698.542066789177,30.96,85.95392857142858,100,33.357142857142854,934,98179.48,28916.64,80280.9692857143,93400,26218.09793321082,77582.42721892512,90701.45793321083,95480.93793321082
2003-05,Motorcycles,1,35,74.87693371266798,260.63179183008515,2620.692679943379,2881.324471773464,44.66,73.46,100,35.857142857142854,251,22097.32,11209.66,18438.46,25100,8328.335528226537,15557.135528226536,22218.675528226537,19215.995528226536
2003-05,Planes,2,56,79.51815124604371,638.5381286065302,4453.016469778448,5091.554598384978,NA,NA,NA,NA,NA,NA,NA,NA,NA,NA,NA,NA,NA
2003-05,Ships,0,84,17.11099873556598,322.7983356682351,1437.3238937875421,1760.1222294557772,NA,NA,NA,NA,NA,NA,NA,NA,NA,NA,NA,NA,NA
2003-05,Trucks and Buses,1,23,91.11000797366236,260.63179183008515,2095.5301833942344,2356.1619752243196,62.7,89.14714285714285,100,35.42857142857143,248,25362.73,15549.6,22108.491428571426,24800,13193.438024775682,19752.329453347105,22443.83802477568,23006.56802477568
2003-05,Vintage Cars,2,70,66.87007024683534,638.5381286065302,4680.9049172784735,5319.443045885004,33.23,75.513125,100,36.5,584,47033.58,19406.32,44099.665,58400,14086.876954114996,38780.221954115,53080.556954114996,41714.136954115
2003-06,Classic Cars,0,14,95.02974924483767,322.7983356682351,1330.4164894277274,1653.2148250959624,38.19,89.587,100,33.8,338,50256.79,12908.22,30280.406000000003,33800,11255.005174904038,28627.19117490404,32146.78517490404,48603.575174904036
2003-06,Motorcycles,1,52,74.87693371266798,260.63179183008515,3893.600553058735,4154.23234488882,100,100,100,23,23,2642.01,2300,2300,2300,-1854.23234488882,-1854.23234488882,-1854.23234488882,-1512.2223448888199
2003-06,Planes,2,79,79.51815124604371,638.5381286065302,6281.933948437453,6920.4720770439835,41.71,81.27909090909091,100,34.54545454545455,380,32115.65,15849.800000000001,30886.054545454546,38000,8929.327922956018,23965.58246841056,31079.52792295602,25195.17792295602
2003-06,Ships,0,113,17.11099873556598,322.7983356682351,1933.5428571189555,2256.3411927871907,60,85.12777777777778,100,35.44444444444444,319,29044.82,19140,27155.76111111111,31900,16883.65880721281,24899.41991832392,29643.65880721281,26788.47880721281
2003-06,Trucks and Buses,1,26,91.11000797366236,260.63179183008515,2368.8602073152215,2629.4919991453066,51.95,87.9875,100,40,160,17369.72,8312,14078,16000,5682.508000854694,11448.508000854694,13370.508000854694,14740.228000854695
2003-06,Vintage Cars,2,34,66.87007024683534,638.5381286065302,2273.5823883924018,2912.120516998932,50.19,78.91624999999999,100,39.125,313,26582.510000000002,15709.47,24700.786249999997,31300,12797.349483001068,21788.665733001064,28387.879483001067,23670.38948300107
2003-07,Classic Cars,0,7,95.02974924483767,322.7983356682351,665.2082447138637,988.0065803820987,35.87,89.49454545454546,100,34.77272727272727,765,94055.58,27440.55,68463.32727272727,76500,26452.5434196179,67475.32069234517,75511.9934196179,93067.5734196179
2003-07,Motorcycles,1,33,74.87693371266798,260.63179183008515,2470.938812518043,2731.570604348128,40.23,80.92666666666666,100,34,408,37924.229999999996,16413.84,33018.08,40800,13682.269395651872,30286.509395651872,38068.429395651874,35192.65939565187
2003-07,Planes,2,47,79.51815124604371,638.5381286065302,3737.3531085640548,4375.891237170585,NA,NA,NA,NA,NA,NA,NA,NA,NA,NA,NA,NA,NA
2003-07,Ships,0,58,17.11099873556598,322.7983356682351,992.4379266628267,1315.2362623310619,NA,NA,NA,NA,NA,NA,NA,NA,NA,NA,NA,NA,NA
2003-07,Trucks and Buses,1,55,91.11000797366236,260.63179183008515,5011.05043855143,5271.682230381515,60.76,88.96428571428571,100,36.714285714285715,257,26099.98,15615.32,22863.821428571428,25700,10343.637769618485,17592.139198189914,20428.317769618487,20828.297769618483
2003-07,Vintage Cars,2,41,66.87007024683534,638.5381286065302,2741.672880120249,3380.2110087267793,43.13,83.07333333333334,100,32.77777777777778,295,29652.09,12723.35,24506.633333333335,29500,9343.138991273221,21126.422324606556,26119.78899127322,26271.87899127322
2003-08,Classic Cars,0,13,95.02974924483767,322.7983356682351,1235.3867401828898,1558.1850758511248,42.43,89.138,100,33.9,339,48406.61,14383.77,30217.782000000003,33900,12825.584924148876,28659.59692414888,32341.814924148875,46848.42492414887
2003-08,Motorcycles,1,70,74.87693371266798,260.63179183008515,5241.385359886758,5502.017151716844,35.8,81.98083333333334,100,36.666666666666664,440,44164.909999999996,15751.999999999998,36071.566666666666,44000,10249.982848283154,30569.549514949824,38497.98284828316,38662.892848283154
2003-08,Planes,2,118,79.51815124604371,638.5381286065302,9383.14184703316,10021.679975639689,50.65,83.34,100,30.916666666666668,371,33938.33,18791.149999999998,30919.140000000003,37100,8769.47002436031,20897.460024360313,27078.320024360313,23916.650024360315
2003-08,Ships,0,185,17.11099873556598,322.7983356682351,3165.534766079706,3488.3331017479413,44.23,81.97555555555556,100,35.333333333333336,318,25607.079999999998,14065.14,26068.22666666667,31800,10576.806898252058,22579.893564918726,28311.666898252057,22118.74689825206
2003-08,Trucks and Buses,1,39,91.11000797366236,260.63179183008515,3553.2903109728322,3813.9221028029174,45.99,86.4975,100,34,136,15031.97,6254.64,11763.66,13600,2440.717897197083,7949.737897197083,9786.077897197083,11218.047897197082
2003-08,Vintage Cars,2,31,66.87007024683534,638.5381286065302,2072.9721776518954,2711.5103062584258,36.66,80.63625,100,33,264,23285.46,9678.24,21287.97,26400,6966.729693741574,18576.459693741577,23688.489693741576,20573.949693741575
2003-09,Classic Cars,0,13,95.02974924483767,322.7983356682351,1235.3867401828898,1558.1850758511248,40.31,88.0345945945946,100,30.783783783783782,1139,137666.87,45913.090000000004,100271.40324324324,113900,44354.904924148876,98713.218167392115,112341.81492414887,136108.68492414887
2003-09,Motorcycles,1,21,74.87693371266798,260.63179183008515,1572.4156079660274,1833.0473997961126,67.14,67.14,67.14,47,47,3155.58,3155.58,3155.58,3155.58,1322.5326002038873,1322.5326002038873,1322.5326002038873,1322.5326002038873
2003-09,Planes,2,28,79.51815124604371,638.5381286065302,2226.508234889224,2865.046363495754,NA,NA,NA,NA,NA,NA,NA,NA,NA,NA,NA,NA,NA
2003-09,Ships,0,78,17.11099873556598,322.7983356682351,1334.6579013741464,1657.4562370423814,60.06,83.39333333333333,100,39,234,20564.19,14054.04,19514.04,23400,12396.58376295762,17856.58376295762,21742.54376295762,18906.733762957618
2003-09,Trucks and Buses,1,47,91.11000797366236,260.63179183008515,4282.170374762131,4542.802166592217,58.18,90.11909090909091,100,37.27272727272727,410,43506.3,23853.8,36948.82727272728,41000,19310.997833407782,32406.02510613506,36457.19783340779,38963.49783340779
2003-09,Vintage Cars,2,41,66.87007024683534,638.5381286065302,2741.672880120249,3380.2110087267793,33.19,77.45222222222222,100,32.611111111111114,587,53045.9,19482.53,45464.45444444444,58700,16102.31899127322,42084.24343571766,55319.78899127322,49665.68899127322
2003-10,Classic Cars,0,5,95.02974924483767,322.7983356682351,475.14874622418836,797.9470818924235,31.82,88.56564516129032,100,32.774193548387096,2032,241145.43,64658.24,179965.39096774193,203200,63860.292918107574,179167.4438858495,202402.05291810757,240347.48291810756
2003-10,Motorcycles,1,39,74.87693371266798,260.63179183008515,2920.200414794051,3180.8322066241362,35.4,84.40842105263158,100,33,627,64235.65,22195.8,52924.08,62700,19014.967793375865,49743.247793375864,59519.16779337586,61054.81779337586
2003-10,Planes,2,66,79.51815124604371,638.5381286065302,5248.197982238885,5886.736110845415,41.71,84.127,100,36.25,725,69180.74,30239.75,60992.075,72500,24353.013889154587,55105.338889154584,66613.26388915458,63294.00388915459
2003-10,Ships,0,128,17.11099873556598,322.7983356682351,2190.207838152445,2513.0061738206805,48.59,83.505,100,35.666666666666664,428,35980.37,20796.52,35740.14,42800,18283.513826179318,33227.13382617932,40286.99382617932,33467.363826179324
2003-10,Trucks and Buses,1,28,91.11000797366236,260.63179183008515,2551.080223262546,2811.712015092631,45.99,87.82909090909091,100,41.45454545454545,456,46912.03,20971.440000000002,40050.06545454545,45600,18159.72798490737,37238.353439452825,42788.287984907365,44100.317984907364
2003-10,Vintage Cars,2,47,66.87007024683534,638.5381286065302,3142.893301601261,3781.4314302077914,27.22,77.46096774193548,100,35.96774193548387,1115,100603.25,30350.3,86368.97903225805,111500,26568.86856979221,82587.54760205025,107718.5685697922,96821.8185697922
2003-11,Classic Cars,0,12,95.02974924483767,322.7983356682351,1140.3569909380521,1463.1553266062872,28.29,87.87763157894737,100,34.026315789473685,3879,452924.37,109736.91,340877.33289473684,387900,108273.75467339372,339414.17756813054,386436.8446733937,451461.2146733937
2003-11,Motorcycles,1,13,74.87693371266798,260.63179183008515,973.4001382646837,1234.031930094769,32.99,81.59935483870967,100,36.064516129032256,1118,109345.5,36882.82,91228.07870967741,111800,35648.78806990523,89994.04677958264,110565.96806990523,108111.46806990523
2003-11,Planes,2,57,79.51815124604371,638.5381286065302,4532.534621024492,5171.072749631022,41.71,76.815625,100,35.8125,573,54133.270000000004,23899.83,44015.353125,57300,18728.75725036898,38844.28037536898,52128.92725036898,48962.19725036898
2003-11,Ships,0,147,17.11099873556598,322.7983356682351,2515.316814128199,2838.1151497964343,50.23,83.44148148148147,100,34.111111111111114,921,79174.8,46261.829999999994,76849.60444444444,92100,43423.71485020356,74011.48929464801,89261.88485020357,76336.68485020357
2003-11,Trucks and Buses,1,49,91.11000797366236,260.63179183008515,4464.3903907094555,4725.02218253954,43.29,89.23181818181818,100,37.515151515151516,1238,127062.92,53593.02,110468.9909090909,123800,48867.997817460455,105743.96872655136,119074.97781746046,122337.89781746046
2003-11,Vintage Cars,2,109,66.87007024683534,638.5381286065302,7288.837656905052,7927.375785511583,29.21,77.54833333333333,100,32.27272727272727,2130,184673.4,62217.3,165177.95,213000,54289.92421448842,157250.57421448844,205072.62421448843,176746.02421448843
2003-12,Classic Cars,0,7,95.02974924483767,322.7983356682351,665.2082447138637,988.0065803820987,29.7,87.138125,100,37.46875,1199,135593.69,35610.299999999996,104478.611875,119900,34622.2934196179,103490.6052946179,118911.9934196179,134605.6834196179
2003-12,Motorcycles,1,59,74.87693371266798,260.63179183008515,4417.739089047411,4678.370880877495,64.81,91.03714285714285,100,30.571428571428573,214,25431.88,13869.34,19481.94857142857,21400,9190.969119122505,14803.577690551074,16721.629119122503,20753.509119122507
2003-12,Planes,2,47,79.51815124604371,638.5381286065302,3737.3531085640548,4375.891237170585,82.4,82.76,83.12,43,86,7120.96,7086.4000000000005,7117.360000000001,7148.320000000001,2710.508762829416,2741.468762829416,2772.428762829416,2745.0687628294154
2003-12,Ships,0,173,17.11099873556598,322.7983356682351,2960.202781252914,3283.0011169211493,NA,NA,NA,NA,NA,NA,NA,NA,NA,NA,NA,NA,NA
2003-12,Trucks and Buses,1,32,91.11000797366236,260.63179183008515,2915.5202551571956,3176.1520469872808,58.82,87.64818181818183,100,37.18181818181818,409,43584.03,24057.38,35848.10636363637,40900,20881.22795301272,32671.954316649088,37723.84795301272,40407.87795301272
2003-12,Vintage Cars,2,62,66.87007024683534,638.5381286065302,4145.944355303791,4784.482483910321,33.23,74.30411764705882,100,31.529411764705884,536,47601.15,17811.28,39827.007058823525,53600,13026.797516089679,35042.5245749132,48815.517516089676,42816.66751608968
2004-01,Classic Cars,0,8,95.02974924483767,322.7983356682351,760.2379939587014,1083.0363296269365,43.42,89.89066666666666,100,35.766666666666666,1073,122791.55,46589.66,96452.68533333333,107300,45506.62367037307,95369.64900370639,106216.96367037306,121708.51367037307
2004-01,Motorcycles,1,34,74.87693371266798,260.63179183008515,2545.8157462307113,2806.4475380607964,42.24,78.61846153846153,100,35.38461538461539,460,41200.52,19430.4,36164.49230769231,46000,16623.952461939203,33358.04476963151,43193.5524619392,38394.0724619392
2004-01,Planes,2,54,79.51815124604371,638.5381286065302,4293.9801672863605,4932.518295892891,44.69,81.48833333333333,100,34.416666666666664,413,35453.54,18456.969999999998,33654.681666666664,41300,13524.451704107107,28722.16337077377,36367.48170410711,30521.02170410711
2004-01,Ships,0,141,17.11099873556598,322.7983356682351,2412.650821714803,2735.4491573830383,63.88,85.29666666666667,100,36.888888888888886,332,29479.55,21208.16,28318.493333333332,33200,18472.71084261696,25583.044175950294,30464.55084261696,26744.10084261696
2004-01,Trucks and Buses,1,54,91.11000797366236,260.63179183008515,4919.940430577768,5180.572222407853,100,100,100,46,46,5152,4600,4600,4600,-580.5722224078527,-580.5722224078527,-580.5722224078527,-28.572222407852678
2004-01,Vintage Cars,2,49,66.87007024683534,638.5381286065302,3276.6334420949315,3915.171570701462,34.19,76.9375,100,35.125,843,74917.4,28822.17,64858.3125,84300,24906.998429298535,60943.14092929854,80384.82842929853,71002.22842929853
2004-02,Classic Cars,0,15,95.02974924483767,322.7983356682351,1425.4462386725652,1748.2445743408002,36.63,86.7115625,100,34.8125,1114,133034.82,40805.82,96596.680625,111400,39057.5754256592,94848.43605065919,109651.7554256592,131286.57542565922
2004-02,Motorcycles,1,50,74.87693371266798,260.63179183008515,3743.846685633399,4004.478477463484,39.43,82.82076923076923,100,37.92307692307692,493,49066.5,19438.99,40830.63923076923,49300,15434.511522536517,36826.16075330575,45295.52152253652,45062.02152253652
2004-02,Planes,2,60,79.51815124604371,638.5381286065302,4771.089074762623,5409.627203369153,45.69,82.28833333333333,100,35.333333333333336,424,37659.93,19372.559999999998,34890.253333333334,42400,13962.932796630845,29480.62612996418,36990.37279663085,32250.302796630847
2004-02,Ships,0,160,17.11099873556598,322.7983356682351,2737.7597976905563,3060.5581333587916,62.67,88.21333333333334,100,35.44444444444444,319,30611.52,19991.73,28140.053333333333,31900,16931.17186664121,25079.495199974543,28839.44186664121,27550.96186664121
2004-02,Trucks and Buses,1,32,91.11000797366236,260.63179183008515,2915.5202551571956,3176.1520469872808,55.19,86.51333333333334,100,36,324,31036.91,17881.559999999998,28030.32,32400,14705.407953012716,24854.16795301272,29223.84795301272,27860.75795301272
2004-02,Vintage Cars,2,82,66.87007024683534,638.5381286065302,5483.345760240498,6121.883888847028,46.26,76.15625,100,39.25,314,25041.84,14525.64,23913.0625,31400,8403.756111152972,17791.178611152973,25278.116111152973,18919.956111152973
2004-03,Classic Cars,0,6,95.02974924483767,322.7983356682351,570.1784954690261,892.9768311372611,32.88,88.29375,100,40.4375,647,81144,21273.36,57126.05625,64700,20380.38316886274,56233.07941886274,63807.02316886274,80251.02316886274
2004-03,Motorcycles,1,19,74.87693371266798,260.63179183008515,1422.6617405406917,1683.2935323707768,NA,NA,NA,NA,NA,NA,NA,NA,NA,NA,NA,NA,NA
2004-03,Planes,2,65,79.51815124604371,638.5381286065302,5168.679830992842,5807.217959599372,NA,NA,NA,NA,NA,NA,NA,NA,NA,NA,NA,NA,NA
2004-03,Ships,0,169,17.11099873556598,322.7983356682351,2891.7587863106505,3214.557121978886,49.69,81.38428571428571,100,34.857142857142854,244,21576.79,12124.359999999999,19857.765714285713,24400,8909.802878021113,16643.208592306826,21185.442878021113,18362.232878021114
2004-03,Trucks and Buses,1,40,91.11000797366236,260.63179183008515,3644.4003189464947,3905.03211077658,54.11,89.7,100,31.636363636363637,348,37389.9,18830.28,31215.600000000002,34800,14925.24788922342,27310.56788922342,30894.96788922342,33484.867889223424
2004-03,Vintage Cars,2,23,66.87007024683534,638.5381286065302,1538.0116156772128,2176.549744283743,29.21,79.42421052631579,100,31.68421052631579,602,55981.22,17584.420000000002,47813.3747368421,60200,15407.870255716258,45636.82499255836,58023.450255716256,53804.67025571626
2004-04,Classic Cars,0,10,95.02974924483767,322.7983356682351,950.2974924483767,1273.0958281166118,40.25,86.4096,100,32.96,824,91815.89,33166,71201.5104,82400,31892.904171883387,69928.41457188339,81126.90417188339,90542.79417188339
2004-04,Motorcycles,1,41,74.87693371266798,260.63179183008515,3069.954282219387,3330.5860740494722,40.23,83.36615384615385,100,27.76923076923077,361,36269.07,14523.029999999999,30095.18153846154,36100,11192.443925950527,26764.59546441207,32769.413925950525,32938.483925950524
2004-04,Planes,2,54,79.51815124604371,638.5381286065302,4293.9801672863605,4932.518295892891,60.05,84.7688888888889,100,30.444444444444443,274,23032.84,16453.7,23226.675555555557,27400,11521.18170410711,18294.157259662665,22467.481704107107,18100.32170410711
2004-04,Ships,0,203,17.11099873556598,322.7983356682351,3473.5327433198936,3796.331078988129,NA,NA,NA,NA,NA,NA,NA,NA,NA,NA,NA,NA,NA
2004-04,Trucks and Buses,1,14,91.11000797366236,260.63179183008515,1275.540111631273,1536.1719034613582,NA,NA,NA,NA,NA,NA,NA,NA,NA,NA,NA,NA,NA
2004-04,Vintage Cars,2,22,66.87007024683534,638.5381286065302,1471.1415454303774,2109.6796740369077,29.54,74.99764705882353,100,36.35294117647059,618,55030.32,18255.72,46348.54588235294,61800,16146.040325963093,44238.86620831603,59690.32032596309,52920.64032596309
2004-05,Classic Cars,0,9,95.02974924483767,322.7983356682351,855.2677432035391,1178.0660788717742,36.07,91.31588235294117,100,35.88235294117647,610,83382.16,22002.7,55702.68823529412,61000,20824.633921128225,54524.622156422345,59821.93392112823,82204.09392112822
2004-05,Motorcycles,1,44,74.87693371266798,260.63179183008515,3294.585083357391,3555.216875187476,48.28,83.70076923076923,100,35.84615384615385,466,46848.95,22498.48,39004.55846153846,46600,18943.263124812525,35449.34158635098,43044.78312481252,43293.73312481252
2004-05,Planes,2,54,79.51815124604371,638.5381286065302,4293.9801672863605,4932.518295892891,57.61,81.9425,100,35.333333333333336,424,40656.2,24426.64,34743.619999999995,42400,19494.121704107107,29811.101704107103,37467.48170410711,35723.681704107104
2004-05,Ships,0,109,17.11099873556598,322.7983356682351,1865.0988621766917,2187.8971978449267,65.52,85.89444444444445,100,33.888888888888886,305,29421.29,19983.6,26197.805555555555,30500,17795.702802155072,24009.90835771063,28312.102802155074,27233.392802155075
2004-05,Trucks and Buses,1,40,91.11000797366236,260.63179183008515,3644.4003189464947,3905.03211077658,48.7,88.91181818181818,100,32.09090909090909,353,36181.14,17191.100000000002,31385.871818181815,35300,13286.067889223423,27480.839707405234,31394.96788922342,32276.107889223418
2004-05,Vintage Cars,2,73,66.87007024683534,638.5381286065302,4881.51512801898,5520.053256625511,51.93,77.16777777777777,100,36.55555555555556,329,26749.18,17084.97,25388.198888888888,32900,11564.916743374491,19868.14563226338,27379.94674337449,21229.12674337449
2004-06,Classic Cars,0,24,95.02974924483767,322.7983356682351,2280.7139818761043,2603.5123175443396,33.24,88.07,100,30.916666666666668,742,87163.19,24664.08,65347.939999999995,74200,22060.56768245566,62744.42768245566,71596.48768245566,84559.67768245566
2004-06,Motorcycles,1,26,74.87693371266798,260.63179183008515,1946.8002765293675,2207.4320683594524,32.59,80.07615384615384,100,37.92307692307692,493,47237.41,16066.87,39477.54384615384,49300,13859.437931640548,37270.11177779439,47092.567931640544,45029.97793164055
2004-06,Planes,2,26,79.51815124604371,638.5381286065302,2067.4719323971367,2706.010061003667,57.11,80.535,100,34.583333333333336,415,36650.28,23700.65,33422.025,41500,20994.639938996334,30716.014938996334,38793.98993899633,33944.26993899633
2004-06,Ships,0,82,17.11099873556598,322.7983356682351,1403.1018963164101,1725.9002319846452,50.78,78.68375,100,36.75,294,24229.71,14929.32,23133.022500000003,29400,13203.419768015354,21407.12226801536,27674.099768015356,22503.809768015355
2004-06,Trucks and Buses,1,51,91.11000797366236,260.63179183008515,4646.6104066567805,4907.242198486865,43.83,85.50454545454545,100,37.63636363636363,414,43407.79,18145.62,35398.88181818181,41400,13238.377801513134,30491.63961969495,36492.75780151314,38500.54780151314
2004-06,Vintage Cars,2,74,66.87007024683534,638.5381286065302,4948.385198265815,5586.923326872346,37.97,76.65117647058824,100,36.05882352941177,613,47985.84,23275.61,46987.17117647059,61300,17688.686673127653,41400.24784959824,55713.07667312765,42398.91667312765
2004-07,Classic Cars,0,8,95.02974924483767,322.7983356682351,760.2379939587014,1083.0363296269365,40.4,89.53833333333333,100,35.083333333333336,1263,151237.37,51025.2,113086.915,126300,49942.16367037306,112003.87867037306,125216.96367037306,150154.33367037305
2004-07,Motorcycles,1,58,74.87693371266798,260.63179183008515,4342.862155334743,4603.493947164829,63.6,88.33142857142857,100,30.571428571428573,214,22774,13610.4,18902.925714285713,21400,9006.906052835171,14299.431767120885,16796.50605283517,18170.50605283517
2004-07,Planes,2,16,79.51815124604371,638.5381286065302,1272.2904199366994,1910.8285485432298,58.6,82.4275,100,36.166666666666664,434,40915.32,25432.4,35773.534999999996,43400,23521.571451456774,33862.70645145677,41489.17145145677,39004.49145145677
2004-07,Ships,0,192,17.11099873556598,322.7983356682351,3285.311757228668,3608.110092896903,45.86,83.1211111111111,100,29.666666666666668,267,22532.62,12244.619999999999,22193.336666666666,26700,8636.509907103096,18585.226573769763,23091.889907103097,18924.509907103096
2004-07,Trucks and Buses,1,26,91.11000797366236,260.63179183008515,2368.8602073152215,2629.4919991453066,47.62,87.12454545454545,100,34.54545454545455,380,38170.09,18095.6,33107.32727272727,38000,15466.108000854692,30477.835273581964,35370.508000854694,35540.59800085469
2004-07,Vintage Cars,2,29,66.87007024683534,638.5381286065302,1939.2320371582248,2577.770165764755,45.39,79.74,100,37,481,40712.49,21832.59,38354.939999999995,48100,19254.819834235244,35777.16983423524,45522.229834235244,38134.71983423524
2004-08,Classic Cars,0,18,95.02974924483767,322.7983356682351,1710.5354864070782,2033.3338220753133,38.89,88.06436363636364,100,34.27272727272727,1885,216895.82,73307.65,166001.32545454547,188500,71274.31617792469,163967.99163247016,186466.6661779247,214862.4861779247
2004-08,Motorcycles,1,70,74.87693371266798,260.63179183008515,5241.385359886758,5502.017151716844,36.61,78.31473684210526,100,35.526315789473685,675,62704.93,24711.75,52862.44736842105,67500,19209.732848283158,47360.43021670421,61997.98284828316,57202.91284828316
2004-08,Planes,2,77,79.51815124604371,638.5381286065302,6122.897645945366,6761.435774551896,55.96,78.95833333333333,100,32,384,33413.68,21488.64,30320,38400,14727.204225448102,23558.564225448103,31638.564225448103,26652.244225448103
2004-08,Ships,0,160,17.11099873556598,322.7983356682351,2737.7597976905563,3060.5581333587916,51.32,83.56666666666666,100,34.55555555555556,311,26643.29,15960.52,25989.233333333334,31100,12899.96186664121,22928.675199974543,28039.44186664121,23582.73186664121
2004-08,Trucks and Buses,1,27,91.11000797366236,260.63179183008515,2459.970215288884,2720.602007118969,55.19,88.41909090909091,100,31.90909090909091,351,34911.32,19371.69,31035.10090909091,35100,16651.08799288103,28314.49890197194,32379.39799288103,32190.71799288103
2004-08,Vintage Cars,2,74,66.87007024683534,638.5381286065302,4948.385198265815,5586.923326872346,28.88,79.90375,100,35.375,849,78139.05,24519.12,67838.28375,84900,18932.196673127655,62251.360423127655,79313.07667312765,72552.12667312766
2004-09,Classic Cars,0,10,95.02974924483767,322.7983356682351,950.2974924483767,1273.0958281166118,30.06,87.21217391304347,100,34.73913043478261,799,97006.20999999999,24017.94,69682.52695652173,79900,22744.844171883386,68409.43112840512,78626.90417188339,95733.11417188338
2004-09,Motorcycles,1,39,74.87693371266798,260.63179183008515,2920.200414794051,3180.8322066241362,42.24,81.19538461538461,100,33.07692307692308,430,42471.05,18163.2,34914.015384615384,43000,14982.367793375864,31733.183177991246,39819.16779337586,39290.217793375865
2004-09,Planes,2,41,79.51815124604371,638.5381286065302,3260.244201087792,3898.7823296943225,45.19,84.22916666666667,100,30,360,34785.62,16268.4,30322.5,36000,12369.617670305677,26423.717670305676,32101.217670305676,30886.83767030568
2004-09,Ships,0,159,17.11099873556598,322.7983356682351,2720.6487989549905,3043.447134623226,58.55,84.68666666666667,100,31.77777777777778,286,25151.04,16745.3,24220.386666666665,28600,13701.852865376773,21176.93953204344,25556.552865376776,22107.592865376777
2004-09,Trucks and Buses,1,17,91.11000797366236,260.63179183008515,1548.87013555226,1809.5019273823452,46.53,87.25454545454545,100,37.72727272727273,415,41791.35,19309.95,36210.63636363636,41500,17500.448072617655,34401.13443625402,39690.49807261766,39981.84807261766
2004-09,Vintage Cars,2,68,66.87007024683534,638.5381286065302,4547.1647767848035,5185.702905391334,38.17,77.23333333333333,100,33.041666666666664,793,73100.32,30268.81,61246.03333333333,79300,25083.10709460867,56060.330427942,74114.29709460867,67914.61709460868
2004-10,Classic Cars,0,10,95.02974924483767,322.7983356682351,950.2974924483767,1273.0958281166118,31.47,90.0906,100,35.72,1786,223856.81,56205.42,160901.8116,178600,54932.32417188339,159628.71577188338,177326.9041718834,222583.7141718834
2004-10,Motorcycles,1,93,74.87693371266798,260.63179183008515,6963.554835278122,7224.186627108207,43.05,79.60692307692308,100,32.84615384615385,427,39413.96,18382.35,33992.156153846154,42700,11158.163372891791,26767.969526737947,35475.81337289179,32189.773372891792
2004-10,Planes,2,52,79.51815124604371,638.5381286065302,4134.943864794273,4773.481993400804,53.63,84.63250000000001,100,32.5,390,37596.909999999996,20915.7,33006.675,39000,16142.218006599196,28233.1930065992,34226.518006599195,32823.42800659919
2004-10,Ships,0,140,17.11099873556598,322.7983356682351,2395.5398229792368,2718.338158647472,54,81.55133333333333,100,35.266666666666666,529,43811.37,28566,43140.655333333336,52900,25847.66184135253,40422.317174685864,50181.66184135253,41093.03184135253
2004-10,Trucks and Buses,1,22,91.11000797366236,260.63179183008515,2004.420175420572,2265.051967250657,45.45,87.45045454545455,100,34.09090909090909,750,76901.54,34087.5,65587.84090909091,75000,31822.448032749344,63322.788941840256,72734.94803274934,74636.48803274933
2004-10,Vintage Cars,2,81,66.87007024683534,638.5381286065302,5416.475689993663,6055.013818600193,29.54,75.94,100,33.78048780487805,1385,116160.29,40912.9,105176.9,138500,34857.88618139981,99121.88618139981,132444.9861813998,110105.2761813998
2004-11,Classic Cars,0,6,95.02974924483767,322.7983356682351,570.1784954690261,892.9768311372611,32.47,82.97295238095238,100,34.94285714285714,3669,372231.89,119132.43,304427.76228571427,366900,118239.45316886273,303534.785454577,366007.02316886274,371338.91316886275
2004-11,Motorcycles,1,23,74.87693371266798,260.63179183008515,1722.1694753913634,1982.8012672214486,38.22,86.83179487179487,100,35.97435897435897,1403,151711.86000000002,53622.659999999996,121825.00820512821,140300,51639.85873277855,119842.20693790675,138317.19873277855,149729.05873277856
2004-11,Planes,2,67,79.51815124604371,638.5381286065302,5327.716133484929,5966.254262091459,43.7,84.7425,100,36.80555555555556,1325,121130.7,57902.50000000001,112283.81250000001,132500,51936.245737908546,106317.55823790855,126533.74573790854,115164.44573790854
2004-11,Ships,0,142,17.11099873556598,322.7983356682351,2429.7618204503688,2752.560156118604,45.86,83.17666666666666,100,35.57142857142857,747,63900.85,34257.42,62132.969999999994,74700,31504.859843881393,59380.40984388139,71947.4398438814,61148.28984388139
2004-11,Trucks and Buses,1,28,91.11000797366236,260.63179183008515,2551.080223262546,2811.712015092631,37.48,87.5855172413793,100,36.275862068965516,1052,123811.14,39428.96,92139.96413793103,105200,36617.24798490737,89328.2521228384,102388.28798490737,120999.42798490736
2004-11,Vintage Cars,2,68,66.87007024683534,638.5381286065302,4547.1647767848035,5185.702905391334,29.87,80.79707692307693,100,35.46153846153846,2305,233990.34,68850.35,186237.26230769232,230500,63664.64709460867,181051.55940230098,225314.29709460866,228804.63709460865
2004-12,Classic Cars,0,23,95.02974924483767,322.7983356682351,2185.6842326312667,2508.482568299502,37.13,83.72241379310344,100,34.689655172413794,1006,101697.38,37352.780000000006,84224.74827586206,100600,34844.29743170051,81716.26570756256,98091.5174317005,99188.8974317005
2004-12,Motorcycles,1,21,74.87693371266798,260.63179183008515,1572.4156079660274,1833.0473997961126,39.83,71.1025,100,33.5,268,20846.98,10674.439999999999,19055.47,26800,8841.392600203886,17222.42260020389,24966.952600203887,19013.932600203887
2004-12,Planes,2,51,79.51815124604371,638.5381286065302,4055.4257135482294,4693.96384215476,52.64,83.236,100,34.05,681,61376.78,35847.840000000004,56683.716,68100,31153.876157845243,51989.75215784524,63406.03615784524,56682.81615784524
2004-12,Ships,0,85,17.11099873556598,322.7983356682351,1454.4348925231081,1777.2332281913432,45.39,79.005,100,30.3,303,24079.940000000002,13753.17,23938.515,30300,11975.936771808658,22161.281771808655,28522.766771808656,22302.70677180866
2004-12,Trucks and Buses,1,39,91.11000797366236,260.63179183008515,3553.2903109728322,3813.9221028029174,36.42,85.23333333333333,100,37.93333333333333,569,60549.71,20722.98,48497.76666666667,56900,16909.057897197083,44683.84456386375,53086.07789719708,56735.78789719708
2004-12,Vintage Cars,2,16,66.87007024683534,638.5381286065302,1069.9211239493654,1708.4592525558955,31.86,83.58782608695653,100,35.56521739130435,818,83615.48,26061.48,68374.84173913044,81800,24353.020747444105,66666.38248657454,80091.5407474441,81907.0207474441
2005-01,Classic Cars,0,9,95.02974924483767,322.7983356682351,855.2677432035391,1178.0660788717742,38.5,87.94736842105263,100,35.078947368421055,1333,139087.23,51320.5,117233.84210526316,133300,50142.43392112823,116055.77602639138,132121.93392112822,137909.16392112823
2005-01,Motorcycles,1,33,74.87693371266798,260.63179183008515,2470.938812518043,2731.570604348128,48.28,85.92909090909092,100,34.27272727272727,377,39913.36,18201.56,32395.267272727277,37700,15469.989395651874,29663.696668379147,34968.429395651874,37181.789395651875
2005-01,Planes,2,47,79.51815124604371,638.5381286065302,3737.3531085640548,4375.891237170585,55.62,64.316,73,35,175,11262.27,9733.5,11255.300000000001,12775,5357.608762829415,6879.408762829416,8399.108762829415,6886.378762829416
2005-01,Ships,0,163,17.11099873556598,322.7983356682351,2789.0927938972545,3111.89112956549,70.33,93.0911111111111,100,35.55555555555556,320,31807.850000000002,22505.6,29789.155555555553,32000,19393.708870434508,26677.264425990063,28888.10887043451,28695.95887043451
2005-01,Trucks and Buses,1,22,91.11000797366236,260.63179183008515,2004.420175420572,2265.051967250657,35.71,83.0109090909091,100,30.636363636363637,337,36577.2,12034.27,27974.676363636365,33700,9769.218032749344,25709.62439638571,31434.948032749344,34312.14803274934
2005-01,Vintage Cars,2,69,66.87007024683534,638.5381286065302,4614.0348470316385,5252.572975638169,30.59,78.61318181818181,100,35.18181818181818,774,74385.34,23676.66,60846.60272727272,77400,18424.08702436183,55594.02975163455,72147.42702436184,69132.76702436183
2005-02,Classic Cars,0,10,95.02974924483767,322.7983356682351,950.2974924483767,1273.0958281166118,36.29,85.795,100,35.578947368421055,1352,146148.57,49064.08,115994.84,135200,47790.98417188339,114721.74417188339,133926.9041718834,144875.4741718834
2005-02,Motorcycles,1,46,74.87693371266798,260.63179183008515,3444.338950782727,3704.970742612812,34.91,88.42999999999999,100,33,429,47951.42,14976.39,37936.469999999994,42900,11271.419257387188,34231.49925738718,39195.029257387185,44246.44925738718
2005-02,Planes,2,21,79.51815124604371,638.5381286065302,1669.881176166918,2308.4193047734484,66.73,87.42428571428572,100,38.57142857142857,270,31040.41,18017.100000000002,23604.557142857142,27000,15708.680695226554,21296.137838083694,24691.580695226552,28731.990695226552
2005-02,Ships,0,128,17.11099873556598,322.7983356682351,2190.207838152445,2513.0061738206805,77.34,85.96000000000001,100,34,102,10586.06,7888.68,8767.92,10200,5375.67382617932,6254.91382617932,7686.9938261793195,8073.053826179319
2005-02,Trucks and Buses,1,25,91.11000797366236,260.63179183008515,2277.750199341559,2538.381991171644,48.62,87.85272727272728,100,32.36363636363637,356,37174.16,17308.719999999998,31275.57090909091,35600,14770.338008828354,28737.188917919266,33061.61800882836,34635.77800882836
2005-02,Vintage Cars,2,86,66.87007024683534,638.5381286065302,5750.82604122784,6389.36416983437,47.18,81.63909090909091,100,35.27272727272727,776,78075.72,36611.68,63351.93454545455,77600,30222.31583016563,56962.57037562018,71210.63583016563,71686.35583016563
2005-03,Classic Cars,0,10,95.02974924483767,322.7983356682351,950.2974924483767,1273.0958281166118,38.9,83.25791666666667,100,36.75,882,91389.86,34309.799999999996,73433.48250000001,88200,33036.704171883386,72160.3866718834,86926.90417188339,90116.76417188339
2005-03,Motorcycles,1,55,74.87693371266798,260.63179183008515,4118.231354196739,4378.863146026824,44.51,80.20076923076923,100,39.46153846153846,513,47830.83,22833.629999999997,41142.99461538461,51300,18454.766853973175,36764.13146935779,46921.13685397318,43451.96685397318
2005-03,Planes,2,60,79.51815124604371,638.5381286065302,4771.089074762623,5409.627203369153,40.22,77.66458333333334,100,36.791666666666664,883,79735.05,35514.26,68577.82708333334,88300,30104.63279663085,63168.19987996419,82890.37279663085,74325.42279663085
2005-03,Ships,0,144,17.11099873556598,322.7983356682351,2463.9838179215008,2786.782153589736,62.24,87.63666666666667,100,36.333333333333336,545,52765.15,33920.8,47761.98333333334,54500,31134.01784641027,44975.2011797436,51713.21784641026,49978.36784641026
2005-03,Trucks and Buses,1,18,91.11000797366236,260.63179183008515,1639.9801435259226,1900.6119353560077,38.5,69.914,100,38.8,194,14579.380000000001,7469,13563.316,19400,5568.388064643992,11662.704064643993,17499.388064643994,12678.768064643993
2005-03,Vintage Cars,2,65,66.87007024683534,638.5381286065302,4346.554566044297,4985.092694650827,36.66,83.63863636363637,100,33.45454545454545,736,75023.04,26981.76,61558.03636363636,73600,21996.667305349172,56572.943668985536,68614.90730534917,70037.94730534917
2005-04,Classic Cars,0,11,95.02974924483767,322.7983356682351,1045.3272416932143,1368.1255773614494,40.25,86.48,100,56.72222222222222,1021,111562.51,41095.25,88296.08,102100,39727.12442263855,86927.95442263855,100731.87442263855,110194.38442263854
2005-04,Motorcycles,1,24,74.87693371266798,260.63179183008515,1797.0464091040315,2057.678200934117,40.23,83.36615384615385,100,44.53846153846154,579,59862.22,23293.17,48269.00307692308,57900,21235.49179906588,46211.32487598896,55842.32179906588,57804.54179906588
2005-04,Planes,2,54,79.51815124604371,638.5381286065302,4293.9801672863605,4932.518295892891,56.12,81.725,100,41.333333333333336,496,43763.59,27835.52,40535.6,49600,22903.00170410711,35603.081704107106,44667.48170410711,38831.071704107104
2005-04,Ships,0,165,17.11099873556598,322.7983356682351,2823.3147913683865,3146.113127036622,74.84,81.32,87.8,38,76,6284,5687.84,6180.32,6672.8,2541.7268729633784,3034.206872963378,3526.6868729633784,3137.886872963378
2005-04,Trucks and Buses,1,20,91.11000797366236,260.63179183008515,1822.2001594732474,2082.8319513033325,NA,NA,NA,NA,NA,NA,NA,NA,NA,NA,NA,NA,NA
2005-04,Vintage Cars,2,65,66.87007024683534,638.5381286065302,4346.554566044297,4985.092694650827,29.54,70.23181818181818,100,42,462,40160.97,13647.48,32447.100000000002,46200,8662.387305349173,27462.007305349176,41214.907305349174,35175.877305349175
2005-05,Classic Cars,0,22,95.02974924483767,322.7983356682351,2090.6544833864286,2413.452819054664,33.24,87.68024390243903,100,36.90243902439025,1513,184385.11,50292.12,132660.20902439026,151300,47878.66718094534,130246.7562053356,148886.54718094534,181971.65718094533
2005-05,Motorcycles,1,29,74.87693371266798,260.63179183008515,2171.4310776673715,2432.0628694974566,61.18,93.5975,100,42,336,39389.7,20556.48,31448.76,33600,18124.417130502545,29016.697130502544,31167.93713050254,36957.63713050254
2005-05,Planes,2,32,79.51815124604371,638.5381286065302,2544.580839873399,3183.118968479929,57.61,81.9425,100,31.916666666666668,383,34272.85,22064.63,31383.977499999997,38300,18881.511031520073,28200.85853152007,35116.88103152007,31089.73103152007
2005-05,Ships,0,111,17.11099873556598,322.7983356682351,1899.3208596478237,2222.1191953160587,65.52,85.89444444444445,100,33.666666666666664,303,26735.01,19852.559999999998,26026.016666666666,30300,17630.440804683938,23803.897471350607,28077.88080468394,24512.89080468394
2005-05,Trucks and Buses,1,54,91.11000797366236,260.63179183008515,4919.940430577768,5180.572222407853,43.83,87.20818181818181,100,37.81818181818182,832,89726.28,36466.56,72557.20727272728,83200,31285.987777592145,67376.63505031943,78019.42777759215,84545.70777759215
2005-05,Vintage Cars,2,86,66.87007024683534,638.5381286065302,5750.82604122784,6389.36416983437,26.88,74.76520000000001,100,34.68,867,73094.24,23304.96,64821.428400000004,86700,16915.59583016563,58432.06423016563,80310.63583016563,66704.87583016563
2003-01,Trains,NA,NA,NA,NA,NA,NA,53.31,59.59,65.87,40.5,81,4933.55,4318.110000000001,4826.79,5335.47,NA,NA,NA,NA
2003-02,Trains,NA,NA,NA,NA,NA,NA,100,100,100,38,38,4330.1,3800,3800,3800,NA,NA,NA,NA
2003-04,Trains,NA,NA,NA,NA,NA,NA,49.21,69.46333333333334,95.8,23,69,4756.47,3395.4900000000002,4792.97,6610.2,NA,NA,NA,NA
2003-06,Trains,NA,NA,NA,NA,NA,NA,69.12,79.98666666666666,100,38.666666666666664,116,10071.060000000001,8017.92,9278.453333333333,11600,NA,NA,NA,NA
2003-08,Trains,NA,NA,NA,NA,NA,NA,49.79,74.05666666666667,97.81,35.333333333333336,106,7374.9400000000005,5277.74,7850.006666666667,10367.86,NA,NA,NA,NA
2003-09,Trains,NA,NA,NA,NA,NA,NA,50.95,65.7,88.74,31,93,6034.52,4738.35,6110.1,8252.82,NA,NA,NA,NA
2003-10,Trains,NA,NA,NA,NA,NA,NA,53.44,73.40666666666667,100,44,132,10233.5,7054.08,9689.68,13200,NA,NA,NA,NA
2003-11,Trains,NA,NA,NA,NA,NA,NA,48.62,69.49444444444444,100,35.55555555555556,320,22523.399999999998,15558.4,22238.22222222222,32000,NA,NA,NA,NA
2003-12,Trains,NA,NA,NA,NA,NA,NA,56.55,56.55,56.55,45,45,2544.75,2544.75,2544.75,2544.75,NA,NA,NA,NA
2004-01,Trains,NA,NA,NA,NA,NA,NA,65.61,82.805,100,39,78,7582.860000000001,5117.58,6458.790000000001,7800,NA,NA,NA,NA
2004-02,Trains,NA,NA,NA,NA,NA,NA,52.82,67.34333333333333,80.67,24.333333333333332,73,4968.01,3855.86,4916.0633333333335,5888.91,NA,NA,NA,NA
2004-03,Trains,NA,NA,NA,NA,NA,NA,52.14,69.61333333333333,95.8,45.666666666666664,137,9641.82,7143.18,9537.026666666667,13124.6,NA,NA,NA,NA
2004-05,Trains,NA,NA,NA,NA,NA,NA,49.71,71.18666666666667,100,43.666666666666664,131,10199.470000000001,6512.01,9325.453333333333,13100,NA,NA,NA,NA
2004-07,Trains,NA,NA,NA,NA,NA,NA,56.82,73.81666666666666,100,45,135,10802.2,7670.7,9965.25,13500,NA,NA,NA,NA
2004-08,Trains,NA,NA,NA,NA,NA,NA,59.65,75.47666666666666,100,36.333333333333336,109,8793.18,6501.8499999999995,8226.956666666665,10900,NA,NA,NA,NA
2004-09,Trains,NA,NA,NA,NA,NA,NA,55.07,74.26666666666667,100,29.333333333333332,88,6445.32,4846.16,6535.466666666666,8800,NA,NA,NA,NA
2004-10,Trains,NA,NA,NA,NA,NA,NA,50.33,71.73833333333333,100,36,216,15183.369999999999,10871.279999999999,15495.48,21600,NA,NA,NA,NA
2004-11,Trains,NA,NA,NA,NA,NA,NA,84.71,97.45166666666667,100,29.5,177,22271.23,14993.669999999998,17248.945,17700,NA,NA,NA,NA
2004-12,Trains,NA,NA,NA,NA,NA,NA,64.93,91.59400000000001,100,31.8,159,20636.39,10323.87,14563.446000000002,15900,NA,NA,NA,NA
2005-01,Trains,NA,NA,NA,NA,NA,NA,58.58,80.94666666666666,99.55,26.333333333333332,79,6510.17,4627.82,6394.786666666666,7864.45,NA,NA,NA,NA
2005-02,Trains,NA,NA,NA,NA,NA,NA,36.07,65.37666666666667,100,36,108,7209.84,3895.56,7060.68,10800,NA,NA,NA,NA
2005-03,Trains,NA,NA,NA,NA,NA,NA,60.28,83.34333333333333,100,33,99,12939.449999999999,5967.72,8250.99,9900,NA,NA,NA,NA
2005-05,Trains,NA,NA,NA,NA,NA,NA,49.71,71.18666666666667,100,41,123,10257.869999999999,6114.33,8755.960000000001,12300,NA,NA,NA,NA
